{"current":{"logo":"shopify:\/\/shop_images\/Looka_Genius_New_logo.png","logo_width":110,"favicon":"shopify:\/\/shop_images\/Looka_Genius_New_logo.png","colors_solid_button_labels":"#fff","colors_accent_1":"#000000","gradient_accent_1":"linear-gradient(46deg, rgba(0, 0, 0, 1) 30.576%, rgba(170, 248, 219, 1) 58%, rgba(52, 133, 236, 1) 81%)","colors_accent_2":"#083331","gradient_accent_2":"linear-gradient(303deg, rgba(0, 0, 0, 1), rgba(0, 0, 0, 1) 28%, rgba(249, 32, 32, 1) 100%)","colors_text":"#ffffff","colors_outline_button_labels":"#e1c4b4","colors_background_1":"#090c09","gradient_background_1":"linear-gradient(247deg, rgba(255, 255, 255, 1), rgba(28, 12, 124, 1) 26%, rgba(255, 255, 255, 1) 98%)","colors_background_2":"#594e4e","gradient_background_2":"linear-gradient(228deg, rgba(21, 209, 252, 1) 14%, rgba(187, 48, 254, 1) 83%)","type_header_font":"monotype_century_old_style_n5","heading_scale":130,"type_body_font":"monotype_news_gothic_n4","body_scale":100,"page_width":1600,"spacing_sections":0,"spacing_grid_horizontal":4,"spacing_grid_vertical":4,"buttons_border_thickness":1,"buttons_border_opacity":100,"buttons_radius":6,"buttons_shadow_opacity":0,"buttons_shadow_horizontal_offset":0,"buttons_shadow_vertical_offset":4,"buttons_shadow_blur":5,"variant_pills_border_thickness":0,"variant_pills_border_opacity":10,"variant_pills_radius":10,"variant_pills_shadow_opacity":0,"variant_pills_shadow_horizontal_offset":0,"variant_pills_shadow_vertical_offset":4,"variant_pills_shadow_blur":5,"inputs_border_thickness":1,"inputs_border_opacity":100,"inputs_radius":10,"inputs_shadow_opacity":0,"inputs_shadow_horizontal_offset":0,"inputs_shadow_vertical_offset":4,"inputs_shadow_blur":5,"card_style":"card","card_image_padding":0,"card_text_alignment":"left","card_color_scheme":"accent-1","card_border_thickness":0,"card_border_opacity":10,"card_corner_radius":10,"card_shadow_opacity":0,"card_shadow_horizontal_offset":0,"card_shadow_vertical_offset":4,"card_shadow_blur":5,"collection_card_style":"standard","collection_card_image_padding":0,"collection_card_text_alignment":"left","collection_card_color_scheme":"accent-1","collection_card_border_thickness":0,"collection_card_border_opacity":10,"collection_card_corner_radius":10,"collection_card_shadow_opacity":0,"collection_card_shadow_horizontal_offset":0,"collection_card_shadow_vertical_offset":4,"collection_card_shadow_blur":5,"blog_card_style":"card","blog_card_image_padding":0,"blog_card_text_alignment":"left","blog_card_color_scheme":"accent-1","blog_card_border_thickness":0,"blog_card_border_opacity":10,"blog_card_corner_radius":10,"blog_card_shadow_opacity":0,"blog_card_shadow_horizontal_offset":0,"blog_card_shadow_vertical_offset":4,"blog_card_shadow_blur":5,"text_boxes_border_thickness":0,"text_boxes_border_opacity":10,"text_boxes_radius":10,"text_boxes_shadow_opacity":0,"text_boxes_shadow_horizontal_offset":0,"text_boxes_shadow_vertical_offset":4,"text_boxes_shadow_blur":5,"media_border_thickness":0,"media_border_opacity":10,"media_radius":10,"media_shadow_opacity":0,"media_shadow_horizontal_offset":0,"media_shadow_vertical_offset":4,"media_shadow_blur":5,"popup_border_thickness":1,"popup_border_opacity":100,"popup_corner_radius":10,"popup_shadow_opacity":0,"popup_shadow_horizontal_offset":0,"popup_shadow_vertical_offset":4,"popup_shadow_blur":5,"drawer_border_thickness":1,"drawer_border_opacity":100,"drawer_shadow_opacity":0,"drawer_shadow_horizontal_offset":0,"drawer_shadow_vertical_offset":4,"drawer_shadow_blur":5,"badge_position":"bottom left","badge_corner_radius":40,"sale_badge_color_scheme":"accent-2","sold_out_badge_color_scheme":"inverse","accent_icons":"text","brand_headline":"","brand_description":"<p><\/p>","brand_image_width":100,"social_facebook_link":"https:\/\/www.facebook.com\/lookagenius","social_instagram_link":"https:\/\/instagram.com\/lookagenius?igshid=YmMyMTA2M2Y=","social_youtube_link":"https:\/\/youtube.com\/@Lookagenius","social_tiktok_link":"www.tiktok.com\/@lookagenius","social_twitter_link":"","social_snapchat_link":"","social_pinterest_link":"","social_tumblr_link":"","social_vimeo_link":"","predictive_search_enabled":true,"predictive_search_show_vendor":false,"predictive_search_show_price":false,"currency_code_enabled":true,"cart_type":"drawer","show_vendor":false,"show_cart_note":false,"cart_drawer_collection":"","checkout_header_image":"shopify:\/\/shop_images\/Blue_Pink_Gradient_Fashion_Banner.gif","checkout_logo_position":"center","checkout_logo_size":"large","checkout_body_background_image":"shopify:\/\/shop_images\/Untitled_design_10.png","checkout_body_background_color":"#000000","checkout_input_background_color_mode":"transparent","checkout_sidebar_background_image":"shopify:\/\/shop_images\/pexels-martinus-88491.jpg","checkout_sidebar_background_color":"#ffffff","checkout_heading_font":"-apple-system, BlinkMacSystemFont, 'Segoe UI', Roboto, Helvetica, Arial, sans-serif, 'Apple Color Emoji', 'Segoe UI Emoji', 'Segoe UI Symbol'","checkout_body_font":"-apple-system, BlinkMacSystemFont, 'Segoe UI', Roboto, Helvetica, Arial, sans-serif, 'Apple Color Emoji', 'Segoe UI Emoji', 'Segoe UI Symbol'","sections":{"main-password-header":{"type":"main-password-header","settings":{"color_scheme":"accent-1"}},"main-password-footer":{"type":"main-password-footer","settings":{"color_scheme":"accent-1"}}},"content_for_index":[]},"presets":{"Default":{"logo_width":60,"colors_solid_button_labels":"#ffffff","colors_accent_1":"#000000","gradient_accent_1":"","colors_accent_2":"#2346b6","gradient_accent_2":"","colors_text":"#121212","colors_outline_button_labels":"#121212","colors_background_1":"#ffffff","gradient_background_1":"radial-gradient(rgba(179, 164, 255, 1), rgba(255, 255, 255, 1) 79%, rgba(255, 255, 255, 1) 97%)","colors_background_2":"#ffffff","gradient_background_2":"","type_header_font":"monotype_century_old_style_n5","heading_scale":130,"type_body_font":"monotype_news_gothic_n4","body_scale":100,"page_width":1600,"spacing_sections":0,"spacing_grid_horizontal":4,"spacing_grid_vertical":4,"buttons_border_thickness":1,"buttons_border_opacity":100,"buttons_radius":6,"buttons_shadow_opacity":0,"buttons_shadow_horizontal_offset":0,"buttons_shadow_vertical_offset":4,"buttons_shadow_blur":5,"variant_pills_border_thickness":0,"variant_pills_border_opacity":10,"variant_pills_radius":10,"variant_pills_shadow_opacity":0,"variant_pills_shadow_horizontal_offset":0,"variant_pills_shadow_vertical_offset":4,"variant_pills_shadow_blur":5,"inputs_border_thickness":1,"inputs_border_opacity":100,"inputs_radius":10,"inputs_shadow_opacity":0,"inputs_shadow_horizontal_offset":0,"inputs_shadow_vertical_offset":4,"inputs_shadow_blur":5,"card_style":"card","card_image_padding":0,"card_text_alignment":"left","card_color_scheme":"accent-1","card_border_thickness":0,"card_border_opacity":10,"card_corner_radius":10,"card_shadow_opacity":0,"card_shadow_horizontal_offset":0,"card_shadow_vertical_offset":4,"card_shadow_blur":5,"collection_card_style":"standard","collection_card_image_padding":0,"collection_card_text_alignment":"left","collection_card_color_scheme":"accent-1","collection_card_border_thickness":0,"collection_card_border_opacity":10,"collection_card_corner_radius":10,"collection_card_shadow_opacity":0,"collection_card_shadow_horizontal_offset":0,"collection_card_shadow_vertical_offset":4,"collection_card_shadow_blur":5,"blog_card_style":"card","blog_card_image_padding":0,"blog_card_text_alignment":"left","blog_card_color_scheme":"accent-1","blog_card_border_thickness":0,"blog_card_border_opacity":10,"blog_card_corner_radius":10,"blog_card_shadow_opacity":0,"blog_card_shadow_horizontal_offset":0,"blog_card_shadow_vertical_offset":4,"blog_card_shadow_blur":5,"text_boxes_border_thickness":0,"text_boxes_border_opacity":10,"text_boxes_radius":10,"text_boxes_shadow_opacity":0,"text_boxes_shadow_horizontal_offset":0,"text_boxes_shadow_vertical_offset":4,"text_boxes_shadow_blur":5,"media_border_thickness":0,"media_border_opacity":10,"media_radius":10,"media_shadow_opacity":0,"media_shadow_horizontal_offset":0,"media_shadow_vertical_offset":4,"media_shadow_blur":5,"popup_border_thickness":1,"popup_border_opacity":100,"popup_corner_radius":10,"popup_shadow_opacity":0,"popup_shadow_horizontal_offset":0,"popup_shadow_vertical_offset":4,"popup_shadow_blur":5,"drawer_border_thickness":1,"drawer_border_opacity":100,"drawer_shadow_opacity":0,"drawer_shadow_horizontal_offset":0,"drawer_shadow_vertical_offset":4,"drawer_shadow_blur":5,"badge_position":"bottom left","badge_corner_radius":40,"sale_badge_color_scheme":"accent-2","sold_out_badge_color_scheme":"inverse","accent_icons":"text","brand_headline":"","brand_description":"<p><\/p>","brand_image_width":"100","social_twitter_link":"","social_facebook_link":"","social_pinterest_link":"","social_instagram_link":"","social_tiktok_link":"","social_tumblr_link":"","social_snapchat_link":"","social_youtube_link":"","social_vimeo_link":"","predictive_search_enabled":true,"predictive_search_show_vendor":false,"predictive_search_show_price":false,"currency_code_enabled":true,"cart_type":"drawer","show_vendor":false,"show_cart_note":false,"cart_drawer_collection":"","sections":{"main-password-header":{"type":"main-password-header","settings":{"color_scheme":"accent-1"}},"main-password-footer":{"type":"main-password-footer","settings":{"color_scheme":"accent-1"}}}}}}