{"name":"t:sections.footer.name","type":"footer","sections":{"footer":{"type":"footer","blocks":{"64bc8143-fca2-427f-a30e-dccc36099237":{"type":"link_list","settings":{"heading":"","menu":"footer"}}},"block_order":["64bc8143-fca2-427f-a30e-dccc36099237"],"settings":{"color_scheme":"accent-1","newsletter_enable":true,"newsletter_heading":"Join our email list","enable_follow_on_shop":true,"show_social":true,"enable_country_selector":true,"enable_language_selector":true,"payment_enable":true,"show_policy":true,"margin_top":0,"padding_top":36,"padding_bottom":36}}},"order":["footer"]}