{"name":"t:sections.header.name","type":"header","sections":{"announcement-bar":{"type":"announcement-bar","blocks":{"announcement-bar-0":{"type":"announcement","settings":{"text":"All you need in one platform.","text_alignment":"center","color_scheme":"background-1","link":""}}},"block_order":["announcement-bar-0"],"custom_css":["chatbot {position: fixed; bottom: 0; right: 0; width: 300px; height: 400px; background-color: fff; border: 1px solid ccc; border-top-left-radius: 5px; border-top-right-radius: 5px; overflow: hidden;}","chat-log {height: 300px; padding: 10px; overflow-y: scroll;}","input-container {display: flex; align-items: center; padding: 10px; border-top: 1px solid ccc;}","input-container input {flex: 1; border: none; outline: none; padding: 10px;}","input-container button {margin-left: 10px; border: none; background-color: 007bff; color: #fff; padding: 10px; cursor: pointer;}"],"settings":{}},"header":{"type":"header","settings":{"logo_position":"top-center","menu":"main-menu","menu_type_desktop":"drawer","sticky_header_type":"on-scroll-up","show_line_separator":true,"color_scheme":"accent-2","enable_country_selector":false,"enable_language_selector":false,"mobile_logo_position":"center","margin_bottom":0,"padding_top":36,"padding_bottom":16}}},"order":["announcement-bar","header"]}