{"sections":{"main-collection-banner":{"type":"main-collection-banner","settings":{"show_collection_description":false,"show_collection_image":false,"color_scheme":"background-1"}},"main-collection-product-grid":{"type":"main-collection-product-grid","settings":{"products_per_page":24,"columns_desktop":3,"image_ratio":"adapt","show_secondary_image":true,"show_vendor":true,"show_rating":false,"enable_quick_add":false,"enable_filtering":true,"filter_type":"horizontal","enable_sorting":true,"columns_mobile":"2","padding_top":8,"padding_bottom":80}},"9d9d9fc6-1a86-4886-b853-3eb3e7165d24":{"type":"multicolumn","blocks":{"template--18560267125044__9d9d9fc6-1a86-4886-b853-3eb3e7165d24-1680480579c54c38dd-0":{"type":"column","settings":{"title":"Arabic","text":"<p>Pair text with an image to focus on your chosen product, collection, or blog post. Add details on availability, style, or even provide a review.<\/p>","link_label":"","link":""}},"template--18560267125044__9d9d9fc6-1a86-4886-b853-3eb3e7165d24-1680480579c54c38dd-1":{"type":"column","settings":{"title":"Quran","text":"<p>Pair text with an image to focus on your chosen product, collection, or blog post. Add details on availability, style, or even provide a review.<\/p>","link_label":"","link":""}},"template--18560267125044__9d9d9fc6-1a86-4886-b853-3eb3e7165d24-1680480579c54c38dd-2":{"type":"column","settings":{"title":"English","text":"<p>Pair text with an image to focus on your chosen product, collection, or blog post. Add details on availability, style, or even provide a review.<\/p>","link_label":"","link":""}}},"block_order":["template--18560267125044__9d9d9fc6-1a86-4886-b853-3eb3e7165d24-1680480579c54c38dd-0","template--18560267125044__9d9d9fc6-1a86-4886-b853-3eb3e7165d24-1680480579c54c38dd-1","template--18560267125044__9d9d9fc6-1a86-4886-b853-3eb3e7165d24-1680480579c54c38dd-2"],"settings":{"title":"Multicolumn","heading_size":"h1","image_width":"full","image_ratio":"adapt","columns_desktop":3,"column_alignment":"left","background_style":"primary","button_label":"Button label","button_link":"","color_scheme":"background-1","columns_mobile":"1","swipe_on_mobile":false,"padding_top":36,"padding_bottom":36}},"fb9ecfdb-c280-491e-83a6-a5378885f0a5":{"type":"multirow","blocks":{"template--18560267125044__fb9ecfdb-c280-491e-83a6-a5378885f0a5-1680480763554edf54-0":{"type":"row","settings":{"caption":"Caption","heading":"Row","text":"<p>Pair text with an image to focus on your chosen product, collection, or blog post. Add details on availability, style, or even provide a review.<\/p>","button_label":"Button label","button_link":""}},"template--18560267125044__fb9ecfdb-c280-491e-83a6-a5378885f0a5-1680480763554edf54-1":{"type":"row","settings":{"caption":"Caption","heading":"Row","text":"<p>Pair text with an image to focus on your chosen product, collection, or blog post. Add details on availability, style, or even provide a review.<\/p>","button_label":"Button label","button_link":""}},"template--18560267125044__fb9ecfdb-c280-491e-83a6-a5378885f0a5-1680480763554edf54-2":{"type":"row","settings":{"caption":"Caption","heading":"Row","text":"<p>Pair text with an image to focus on your chosen product, collection, or blog post. Add details on availability, style, or even provide a review.<\/p>","button_label":"Button label","button_link":""}}},"block_order":["template--18560267125044__fb9ecfdb-c280-491e-83a6-a5378885f0a5-1680480763554edf54-0","template--18560267125044__fb9ecfdb-c280-491e-83a6-a5378885f0a5-1680480763554edf54-1","template--18560267125044__fb9ecfdb-c280-491e-83a6-a5378885f0a5-1680480763554edf54-2"],"settings":{"image_height":"medium","desktop_image_width":"medium","heading_size":"h1","text_style":"body","button_style":"secondary","desktop_content_position":"middle","desktop_content_alignment":"left","image_layout":"alternate-left","section_color_scheme":"background-1","row_color_scheme":"background-1","mobile_content_alignment":"left","padding_top":36,"padding_bottom":36}}},"order":["main-collection-banner","main-collection-product-grid","9d9d9fc6-1a86-4886-b853-3eb3e7165d24","fb9ecfdb-c280-491e-83a6-a5378885f0a5"]}