{"sections":{"main-collection-banner":{"type":"main-collection-banner","disabled":true,"settings":{"show_collection_description":false,"show_collection_image":false,"color_scheme":"background-1"}},"main-collection-product-grid":{"type":"main-collection-product-grid","disabled":true,"settings":{"products_per_page":24,"columns_desktop":3,"image_ratio":"adapt","show_secondary_image":true,"show_vendor":true,"show_rating":false,"enable_quick_add":false,"enable_filtering":true,"filter_type":"horizontal","enable_sorting":true,"columns_mobile":"2","padding_top":8,"padding_bottom":80}},"767153a8-9ec2-4452-a1af-92f6089aa1a3":{"type":"multicolumn","blocks":{"template--18559928664372__767153a8-9ec2-4452-a1af-92f6089aa1a3-16804785914a07a4fe-0":{"type":"column","settings":{"image":"shopify:\/\/shop_images\/woman-poses-in-dark-room.jpg","title":"Arabic","text":"","link_label":"","link":""}},"template--18559928664372__767153a8-9ec2-4452-a1af-92f6089aa1a3-16804785914a07a4fe-1":{"type":"column","settings":{"title":"Quran","text":"","link_label":"","link":""}},"template--18559928664372__767153a8-9ec2-4452-a1af-92f6089aa1a3-16804785914a07a4fe-2":{"type":"column","settings":{"title":"English","text":"","link_label":"","link":""}}},"block_order":["template--18559928664372__767153a8-9ec2-4452-a1af-92f6089aa1a3-16804785914a07a4fe-0","template--18559928664372__767153a8-9ec2-4452-a1af-92f6089aa1a3-16804785914a07a4fe-1","template--18559928664372__767153a8-9ec2-4452-a1af-92f6089aa1a3-16804785914a07a4fe-2"],"settings":{"title":"","heading_size":"h1","image_width":"full","image_ratio":"adapt","columns_desktop":3,"column_alignment":"left","background_style":"primary","button_label":"","button_link":"","color_scheme":"background-1","columns_mobile":"1","swipe_on_mobile":false,"padding_top":36,"padding_bottom":36}},"e0e5a41f-c411-4075-a01c-c004ead7b48a":{"type":"multicolumn","blocks":{"template--18559928664372__e0e5a41f-c411-4075-a01c-c004ead7b48a-1680480579c54c38dd-0":{"type":"column","settings":{"title":"Math","text":"","link_label":"","link":""}},"template--18559928664372__e0e5a41f-c411-4075-a01c-c004ead7b48a-1680480579c54c38dd-1":{"type":"column","settings":{"title":"Science","text":"","link_label":"","link":""}},"template--18559928664372__e0e5a41f-c411-4075-a01c-c004ead7b48a-1680480579c54c38dd-2":{"type":"column","settings":{"title":"Art","text":"","link_label":"","link":""}}},"block_order":["template--18559928664372__e0e5a41f-c411-4075-a01c-c004ead7b48a-1680480579c54c38dd-0","template--18559928664372__e0e5a41f-c411-4075-a01c-c004ead7b48a-1680480579c54c38dd-1","template--18559928664372__e0e5a41f-c411-4075-a01c-c004ead7b48a-1680480579c54c38dd-2"],"settings":{"title":"","heading_size":"h1","image_width":"full","image_ratio":"adapt","columns_desktop":3,"column_alignment":"left","background_style":"primary","button_label":"","button_link":"","color_scheme":"background-1","columns_mobile":"1","swipe_on_mobile":false,"padding_top":36,"padding_bottom":36}}},"order":["main-collection-banner","main-collection-product-grid","767153a8-9ec2-4452-a1af-92f6089aa1a3","e0e5a41f-c411-4075-a01c-c004ead7b48a"]}