{"sections":{"main-collection-banner":{"type":"main-collection-banner","settings":{"show_collection_description":false,"show_collection_image":false,"color_scheme":"background-1"}},"main-collection-product-grid":{"type":"main-collection-product-grid","settings":{"products_per_page":24,"columns_desktop":3,"image_ratio":"adapt","show_secondary_image":true,"show_vendor":true,"show_rating":false,"enable_quick_add":false,"enable_filtering":true,"filter_type":"horizontal","enable_sorting":true,"columns_mobile":"2","padding_top":8,"padding_bottom":80}}},"order":["main-collection-banner","main-collection-product-grid"]}