{"sections":{"main":{"type":"main-page","settings":{"padding_top":36,"padding_bottom":36}},"7883f62f-dee5-4fb9-a815-ca540f919292":{"type":"rich-text","blocks":{"template--18539182850356__7883f62f-dee5-4fb9-a815-ca540f919292-168038855102aa1fc2-0":{"type":"heading","settings":{"heading":"World 🌏 Class Platform","heading_size":"h1"}},"template--18539182850356__7883f62f-dee5-4fb9-a815-ca540f919292-168038855102aa1fc2-1":{"type":"text","settings":{"text":"<p>To help individuals and businesses to grow <\/p>"}},"template--18539182850356__7883f62f-dee5-4fb9-a815-ca540f919292-168038855102aa1fc2-2":{"type":"button","disabled":true,"settings":{"button_label":"Button label","button_link":"","button_style_secondary":false,"button_label_2":"","button_link_2":"","button_style_secondary_2":false}}},"block_order":["template--18539182850356__7883f62f-dee5-4fb9-a815-ca540f919292-168038855102aa1fc2-0","template--18539182850356__7883f62f-dee5-4fb9-a815-ca540f919292-168038855102aa1fc2-1","template--18539182850356__7883f62f-dee5-4fb9-a815-ca540f919292-168038855102aa1fc2-2"],"settings":{"desktop_content_position":"center","content_alignment":"center","color_scheme":"accent-1","full_width":true,"padding_top":40,"padding_bottom":52}},"e9ba8a9b-d925-4f11-9905-0ad3836cfd7d":{"type":"image-with-text","blocks":{"template--18539182850356__e9ba8a9b-d925-4f11-9905-0ad3836cfd7d-168038864688330886-0":{"type":"heading","settings":{"heading":"Company information ℹ","heading_size":"h1"}},"template--18539182850356__e9ba8a9b-d925-4f11-9905-0ad3836cfd7d-168038864688330886-1":{"type":"text","settings":{"text":"<h3><strong>Company name: Lookagenius LTD<\/strong><\/h3><h3><strong>Register number: 14538199<\/strong><\/h3><h3><strong>registered office: 128 City Road, London, United Kingdom, EC1V 2NX<\/strong><\/h3><h3><strong>Email: info@lookagenius.com \/ lookagenius@gmail.com<\/strong><\/h3><h3><strong>Phone Number: +447476881608 <\/strong><\/h3><h3><strong>+201098768356<\/strong><\/h3><h3><\/h3><p><\/p>","text_style":"body"}},"template--18539182850356__e9ba8a9b-d925-4f11-9905-0ad3836cfd7d-168038864688330886-2":{"type":"button","settings":{"button_label":"","button_link":""}}},"block_order":["template--18539182850356__e9ba8a9b-d925-4f11-9905-0ad3836cfd7d-168038864688330886-0","template--18539182850356__e9ba8a9b-d925-4f11-9905-0ad3836cfd7d-168038864688330886-1","template--18539182850356__e9ba8a9b-d925-4f11-9905-0ad3836cfd7d-168038864688330886-2"],"settings":{"image":"shopify:\/\/shop_images\/Looka_Genius_New_logo.gif","height":"adapt","desktop_image_width":"medium","layout":"text_first","desktop_content_position":"top","desktop_content_alignment":"left","content_layout":"no-overlap","color_scheme":"background-2","image_behavior":"none","mobile_content_alignment":"left","padding_top":36,"padding_bottom":36}},"65bfbdd2-444e-405a-8e67-2ee88da016f0":{"type":"image-with-text","blocks":{"template--18547728515380__65bfbdd2-444e-405a-8e67-2ee88da016f0-16804757104d1de513-0":{"type":"heading","settings":{"heading":"Our Vision","heading_size":"h1"}},"template--18547728515380__65bfbdd2-444e-405a-8e67-2ee88da016f0-16804757104d1de513-1":{"type":"text","settings":{"text":"<p>to teach everyone about technology and how to use the computer and phones to surf the internet and get value of education you haven’t get before then use<br\/>your knowledge to setting up your Idea to create your own business idea to real<br\/>WE HELP YOU TO FIND A STARTUP IDEA AND BUILD AND IMPACTFUL COMPANY<\/p>","text_style":"body"}},"template--18547728515380__65bfbdd2-444e-405a-8e67-2ee88da016f0-16804757104d1de513-2":{"type":"button","settings":{"button_label":"","button_link":""}}},"block_order":["template--18547728515380__65bfbdd2-444e-405a-8e67-2ee88da016f0-16804757104d1de513-0","template--18547728515380__65bfbdd2-444e-405a-8e67-2ee88da016f0-16804757104d1de513-1","template--18547728515380__65bfbdd2-444e-405a-8e67-2ee88da016f0-16804757104d1de513-2"],"settings":{"image":"shopify:\/\/shop_images\/notebook-and-glasses.jpg","height":"adapt","desktop_image_width":"medium","layout":"image_first","desktop_content_position":"top","desktop_content_alignment":"left","content_layout":"no-overlap","color_scheme":"accent-2","image_behavior":"none","mobile_content_alignment":"left","padding_top":36,"padding_bottom":36}}},"order":["main","7883f62f-dee5-4fb9-a815-ca540f919292","e9ba8a9b-d925-4f11-9905-0ad3836cfd7d","65bfbdd2-444e-405a-8e67-2ee88da016f0"]}