{"sections":{"main":{"type":"main-page","settings":{"padding_top":36,"padding_bottom":36}},"9c3635b3-5989-4cb9-9542-04c4de301681":{"type":"image-with-text","blocks":{"template--18547910050100__9c3635b3-5989-4cb9-9542-04c4de301681-16804757104d1de513-0":{"type":"heading","settings":{"heading":"Digital products","heading_size":"h1"}},"template--18547910050100__9c3635b3-5989-4cb9-9542-04c4de301681-16804757104d1de513-1":{"type":"text","settings":{"text":"<p>Pair text with an image to focus on your chosen product, collection, or blog post. Add details on availability, style, or even provide a review.<\/p>","text_style":"body"}},"template--18547910050100__9c3635b3-5989-4cb9-9542-04c4de301681-16804757104d1de513-2":{"type":"button","settings":{"button_label":"Browse products","button_link":"shopify:\/\/pages\/digital-products"}}},"block_order":["template--18547910050100__9c3635b3-5989-4cb9-9542-04c4de301681-16804757104d1de513-0","template--18547910050100__9c3635b3-5989-4cb9-9542-04c4de301681-16804757104d1de513-1","template--18547910050100__9c3635b3-5989-4cb9-9542-04c4de301681-16804757104d1de513-2"],"settings":{"image":"shopify:\/\/shop_images\/Digital_Products_1.png","height":"adapt","desktop_image_width":"medium","layout":"image_first","desktop_content_position":"top","desktop_content_alignment":"left","content_layout":"no-overlap","color_scheme":"accent-1","image_behavior":"none","mobile_content_alignment":"left","padding_top":36,"padding_bottom":36}},"28b3a8a5-b12f-46be-b432-efb55e1a181a":{"type":"image-with-text","blocks":{"template--18547910050100__28b3a8a5-b12f-46be-b432-efb55e1a181a-16804757104d1de513-0":{"type":"heading","settings":{"heading":"Physical Products","heading_size":"h1"}},"template--18547910050100__28b3a8a5-b12f-46be-b432-efb55e1a181a-16804757104d1de513-1":{"type":"text","settings":{"text":"<p>Pair text with an image to focus on your chosen product, collection, or blog post. Add details on availability, style, or even provide a review.<\/p>","text_style":"body"}},"template--18547910050100__28b3a8a5-b12f-46be-b432-efb55e1a181a-16804757104d1de513-2":{"type":"button","settings":{"button_label":"Browse products","button_link":"shopify:\/\/pages\/physical-products"}}},"block_order":["template--18547910050100__28b3a8a5-b12f-46be-b432-efb55e1a181a-16804757104d1de513-0","template--18547910050100__28b3a8a5-b12f-46be-b432-efb55e1a181a-16804757104d1de513-1","template--18547910050100__28b3a8a5-b12f-46be-b432-efb55e1a181a-16804757104d1de513-2"],"settings":{"image":"shopify:\/\/shop_images\/pexels-hana-brannigan-3993398.jpg","height":"adapt","desktop_image_width":"medium","layout":"image_first","desktop_content_position":"top","desktop_content_alignment":"left","content_layout":"no-overlap","color_scheme":"background-2","image_behavior":"none","mobile_content_alignment":"left","padding_top":36,"padding_bottom":36}},"dbb22ae1-1c1e-47cf-81bf-917617901147":{"type":"image-with-text","blocks":{"template--18547910050100__dbb22ae1-1c1e-47cf-81bf-917617901147-16804757104d1de513-0":{"type":"heading","settings":{"heading":"NFT","heading_size":"h1"}},"template--18547910050100__dbb22ae1-1c1e-47cf-81bf-917617901147-16804757104d1de513-1":{"type":"text","settings":{"text":"<p>Pair text with an image to focus on your chosen product, collection, or blog post. Add details on availability, style, or even provide a review.<\/p>","text_style":"body"}},"template--18547910050100__dbb22ae1-1c1e-47cf-81bf-917617901147-16804757104d1de513-2":{"type":"button","settings":{"button_label":"Browse products ","button_link":"shopify:\/\/pages\/nft"}}},"block_order":["template--18547910050100__dbb22ae1-1c1e-47cf-81bf-917617901147-16804757104d1de513-0","template--18547910050100__dbb22ae1-1c1e-47cf-81bf-917617901147-16804757104d1de513-1","template--18547910050100__dbb22ae1-1c1e-47cf-81bf-917617901147-16804757104d1de513-2"],"settings":{"image":"shopify:\/\/shop_images\/pexels-jonathan-borba-14354109.jpg","height":"adapt","desktop_image_width":"medium","layout":"image_first","desktop_content_position":"top","desktop_content_alignment":"left","content_layout":"no-overlap","color_scheme":"accent-2","image_behavior":"none","mobile_content_alignment":"left","padding_top":36,"padding_bottom":36}}},"order":["main","9c3635b3-5989-4cb9-9542-04c4de301681","28b3a8a5-b12f-46be-b432-efb55e1a181a","dbb22ae1-1c1e-47cf-81bf-917617901147"]}