{"sections":{"main":{"type":"main-page","settings":{"padding_top":36,"padding_bottom":36}},"52ca93ee-f1b5-4a6a-9a55-618e767af447":{"type":"image-with-text","blocks":{"template--18547909951796__52ca93ee-f1b5-4a6a-9a55-618e767af447-16804757104d1de513-0":{"type":"heading","settings":{"heading":"Notion","heading_size":"h1"}},"template--18547909951796__52ca93ee-f1b5-4a6a-9a55-618e767af447-16804757104d1de513-1":{"type":"text","settings":{"text":"<h2>Finally, all your work in one place<\/h2>","text_style":"body"}},"template--18547909951796__52ca93ee-f1b5-4a6a-9a55-618e767af447-16804757104d1de513-2":{"type":"button","settings":{"button_label":"Try it for free","button_link":"https:\/\/bit.ly\/3R6WiE0"}}},"block_order":["template--18547909951796__52ca93ee-f1b5-4a6a-9a55-618e767af447-16804757104d1de513-0","template--18547909951796__52ca93ee-f1b5-4a6a-9a55-618e767af447-16804757104d1de513-1","template--18547909951796__52ca93ee-f1b5-4a6a-9a55-618e767af447-16804757104d1de513-2"],"settings":{"image":"shopify:\/\/shop_images\/IMG_8213.jpg","height":"adapt","desktop_image_width":"medium","layout":"image_first","desktop_content_position":"top","desktop_content_alignment":"left","content_layout":"no-overlap","color_scheme":"accent-2","image_behavior":"none","mobile_content_alignment":"left","padding_top":36,"padding_bottom":36}},"9f5869d3-fcd4-4587-9064-c44085a65d3d":{"type":"image-with-text","blocks":{"template--18547909951796__9f5869d3-fcd4-4587-9064-c44085a65d3d-16804757104d1de513-0":{"type":"heading","settings":{"heading":"Airtable","heading_size":"h1"}},"template--18547909951796__9f5869d3-fcd4-4587-9064-c44085a65d3d-16804757104d1de513-1":{"type":"text","settings":{"text":"<h2>Explore, discover, and share your passion<\/h2>","text_style":"body"}},"template--18547909951796__9f5869d3-fcd4-4587-9064-c44085a65d3d-16804757104d1de513-2":{"type":"button","settings":{"button_label":"more Info","button_link":"https:\/\/bit.ly\/3HgFMg9"}}},"block_order":["template--18547909951796__9f5869d3-fcd4-4587-9064-c44085a65d3d-16804757104d1de513-0","template--18547909951796__9f5869d3-fcd4-4587-9064-c44085a65d3d-16804757104d1de513-1","template--18547909951796__9f5869d3-fcd4-4587-9064-c44085a65d3d-16804757104d1de513-2"],"settings":{"image":"shopify:\/\/shop_images\/IMG_8214.jpg","height":"adapt","desktop_image_width":"medium","layout":"text_first","desktop_content_position":"top","desktop_content_alignment":"left","content_layout":"no-overlap","color_scheme":"background-2","image_behavior":"none","mobile_content_alignment":"left","padding_top":36,"padding_bottom":36}},"bd306e1a-4bfd-4242-a922-f227614c5718":{"type":"image-with-text","blocks":{"template--18547909951796__bd306e1a-4bfd-4242-a922-f227614c5718-1681844448bc01666e-0":{"type":"heading","settings":{"heading":"Canva","heading_size":"h1"}},"template--18547909951796__bd306e1a-4bfd-4242-a922-f227614c5718-1681844448bc01666e-1":{"type":"text","settings":{"text":"<p>Start create your own designs for free  <\/p>","text_style":"body"}},"template--18547909951796__bd306e1a-4bfd-4242-a922-f227614c5718-1681844448bc01666e-2":{"type":"button","settings":{"button_label":"Start here","button_link":"https:\/\/bit.ly\/3KHfV2z"}}},"block_order":["template--18547909951796__bd306e1a-4bfd-4242-a922-f227614c5718-1681844448bc01666e-0","template--18547909951796__bd306e1a-4bfd-4242-a922-f227614c5718-1681844448bc01666e-1","template--18547909951796__bd306e1a-4bfd-4242-a922-f227614c5718-1681844448bc01666e-2"],"settings":{"image":"shopify:\/\/shop_images\/IMG_9622.jpg","height":"adapt","desktop_image_width":"medium","layout":"image_first","desktop_content_position":"top","desktop_content_alignment":"left","content_layout":"no-overlap","color_scheme":"background-1","image_behavior":"none","mobile_content_alignment":"left","padding_top":36,"padding_bottom":36}},"f26a93ad-9df6-4d38-a387-6b1427741a1f":{"type":"image-with-text","blocks":{"template--18547909951796__f26a93ad-9df6-4d38-a387-6b1427741a1f-16804757104d1de513-0":{"type":"heading","settings":{"heading":"Wise Bank","heading_size":"h1"}},"template--18547909951796__f26a93ad-9df6-4d38-a387-6b1427741a1f-16804757104d1de513-1":{"type":"text","settings":{"text":"<h3>Register for free.<\/h3><h3>Choose an amount to send.<\/h3><h3>Add recipient’s bank details.<\/h3><h3>Verify your identity.<\/h3><h3>Pay for your <\/h3><h3>That’s it.transfer.<\/h3>","text_style":"body"}},"template--18547909951796__f26a93ad-9df6-4d38-a387-6b1427741a1f-16804757104d1de513-2":{"type":"button","settings":{"button_label":"Open a bank account","button_link":"https:\/\/wise.com\/invite\/iwh\/mohamedm7660"}}},"block_order":["template--18547909951796__f26a93ad-9df6-4d38-a387-6b1427741a1f-16804757104d1de513-0","template--18547909951796__f26a93ad-9df6-4d38-a387-6b1427741a1f-16804757104d1de513-1","template--18547909951796__f26a93ad-9df6-4d38-a387-6b1427741a1f-16804757104d1de513-2"],"settings":{"image":"shopify:\/\/shop_images\/IMG_8206.jpg","height":"adapt","desktop_image_width":"medium","layout":"image_first","desktop_content_position":"top","desktop_content_alignment":"left","content_layout":"no-overlap","color_scheme":"accent-1","image_behavior":"none","mobile_content_alignment":"left","padding_top":36,"padding_bottom":36}},"11d3b8d5-92d9-4dab-b3fd-b1863e412cd6":{"type":"image-with-text","blocks":{"template--18547909951796__11d3b8d5-92d9-4dab-b3fd-b1863e412cd6-16804757104d1de513-0":{"type":"heading","settings":{"heading":"Shopify","heading_size":"h1"}},"template--18547909951796__11d3b8d5-92d9-4dab-b3fd-b1863e412cd6-16804757104d1de513-1":{"type":"text","settings":{"text":"<h1>Bring your ideas to life for $1\/month<\/h1>","text_style":"body"}},"template--18547909951796__11d3b8d5-92d9-4dab-b3fd-b1863e412cd6-16804757104d1de513-2":{"type":"button","settings":{"button_label":"Start Design","button_link":"https:\/\/bit.ly\/Lookagenius"}}},"block_order":["template--18547909951796__11d3b8d5-92d9-4dab-b3fd-b1863e412cd6-16804757104d1de513-0","template--18547909951796__11d3b8d5-92d9-4dab-b3fd-b1863e412cd6-16804757104d1de513-1","template--18547909951796__11d3b8d5-92d9-4dab-b3fd-b1863e412cd6-16804757104d1de513-2"],"settings":{"image":"shopify:\/\/shop_images\/IMG_8207.jpg","height":"adapt","desktop_image_width":"medium","layout":"text_first","desktop_content_position":"top","desktop_content_alignment":"left","content_layout":"no-overlap","color_scheme":"accent-2","image_behavior":"none","mobile_content_alignment":"left","padding_top":36,"padding_bottom":36}},"ef775719-3fd2-46f6-a7e8-e425f96bee86":{"type":"image-with-text","blocks":{"template--18547909951796__ef775719-3fd2-46f6-a7e8-e425f96bee86-16804757104d1de513-0":{"type":"heading","settings":{"heading":"Name cheap","heading_size":"h1"}},"template--18547909951796__ef775719-3fd2-46f6-a7e8-e425f96bee86-16804757104d1de513-1":{"type":"text","settings":{"text":"<h1>Buy a domain and everything else you need<\/h1>","text_style":"body"}},"template--18547909951796__ef775719-3fd2-46f6-a7e8-e425f96bee86-16804757104d1de513-2":{"type":"button","settings":{"button_label":"buy Your domain","button_link":"https:\/\/bit.ly\/3CtKky4"}}},"block_order":["template--18547909951796__ef775719-3fd2-46f6-a7e8-e425f96bee86-16804757104d1de513-0","template--18547909951796__ef775719-3fd2-46f6-a7e8-e425f96bee86-16804757104d1de513-1","template--18547909951796__ef775719-3fd2-46f6-a7e8-e425f96bee86-16804757104d1de513-2"],"settings":{"image":"shopify:\/\/shop_images\/IMG_8210.jpg","height":"adapt","desktop_image_width":"medium","layout":"image_first","desktop_content_position":"top","desktop_content_alignment":"left","content_layout":"no-overlap","color_scheme":"accent-1","image_behavior":"none","mobile_content_alignment":"left","padding_top":36,"padding_bottom":36}},"7a52ddab-3d55-4712-986d-03faee3eba4c":{"type":"image-with-text","blocks":{"template--18547909951796__7a52ddab-3d55-4712-986d-03faee3eba4c-16804757104d1de513-0":{"type":"heading","settings":{"heading":"McAfee","heading_size":"h1"}},"template--18547909951796__7a52ddab-3d55-4712-986d-03faee3eba4c-16804757104d1de513-1":{"type":"text","settings":{"text":"<h2>All-in-one protection for your personal info and privacy for peace of mind against data breaches.​<\/h2>","text_style":"body"}},"template--18547909951796__7a52ddab-3d55-4712-986d-03faee3eba4c-16804757104d1de513-2":{"type":"button","settings":{"button_label":"Total protection","button_link":"https:\/\/bit.ly\/3j6p8I2"}}},"block_order":["template--18547909951796__7a52ddab-3d55-4712-986d-03faee3eba4c-16804757104d1de513-0","template--18547909951796__7a52ddab-3d55-4712-986d-03faee3eba4c-16804757104d1de513-1","template--18547909951796__7a52ddab-3d55-4712-986d-03faee3eba4c-16804757104d1de513-2"],"settings":{"image":"shopify:\/\/shop_images\/IMG_8211.jpg","height":"adapt","desktop_image_width":"medium","layout":"text_first","desktop_content_position":"top","desktop_content_alignment":"left","content_layout":"no-overlap","color_scheme":"background-2","image_behavior":"none","mobile_content_alignment":"left","padding_top":36,"padding_bottom":36}},"283a4c5e-a797-4216-bcdd-9bacbbe09964":{"type":"image-with-text","blocks":{"template--18547909951796__283a4c5e-a797-4216-bcdd-9bacbbe09964-16804757104d1de513-0":{"type":"heading","settings":{"heading":"Nord Vpn","heading_size":"h1"}},"template--18547909951796__283a4c5e-a797-4216-bcdd-9bacbbe09964-16804757104d1de513-1":{"type":"text","settings":{"text":"<h2>Add extra layers of security to your digital life<\/h2>","text_style":"body"}},"template--18547909951796__283a4c5e-a797-4216-bcdd-9bacbbe09964-16804757104d1de513-2":{"type":"button","settings":{"button_label":"More Info","button_link":"https:\/\/bit.ly\/3xVG5bR"}}},"block_order":["template--18547909951796__283a4c5e-a797-4216-bcdd-9bacbbe09964-16804757104d1de513-0","template--18547909951796__283a4c5e-a797-4216-bcdd-9bacbbe09964-16804757104d1de513-1","template--18547909951796__283a4c5e-a797-4216-bcdd-9bacbbe09964-16804757104d1de513-2"],"settings":{"image":"shopify:\/\/shop_images\/IMG_8253.jpg","height":"adapt","desktop_image_width":"medium","layout":"image_first","desktop_content_position":"top","desktop_content_alignment":"left","content_layout":"no-overlap","color_scheme":"background-1","image_behavior":"none","mobile_content_alignment":"left","padding_top":36,"padding_bottom":36}},"52e41ff7-d068-40a7-8e02-5ff53605b7ff":{"type":"image-with-text","blocks":{"template--18547909951796__52e41ff7-d068-40a7-8e02-5ff53605b7ff-1681170066313e76a2-0":{"type":"heading","settings":{"heading":"AppSumo","heading_size":"h1"}},"template--18547909951796__52e41ff7-d068-40a7-8e02-5ff53605b7ff-1681170066313e76a2-1":{"type":"text","settings":{"text":"<p>Learn and Sell your products <\/p>","text_style":"body"}},"template--18547909951796__52e41ff7-d068-40a7-8e02-5ff53605b7ff-1681170066313e76a2-2":{"type":"button","settings":{"button_label":"Sell your digital","button_link":"http:\/\/bit.ly\/43nFxKw"}}},"block_order":["template--18547909951796__52e41ff7-d068-40a7-8e02-5ff53605b7ff-1681170066313e76a2-0","template--18547909951796__52e41ff7-d068-40a7-8e02-5ff53605b7ff-1681170066313e76a2-1","template--18547909951796__52e41ff7-d068-40a7-8e02-5ff53605b7ff-1681170066313e76a2-2"],"settings":{"image":"shopify:\/\/shop_images\/IMG_9620.jpg","height":"adapt","desktop_image_width":"medium","layout":"text_first","desktop_content_position":"top","desktop_content_alignment":"left","content_layout":"no-overlap","color_scheme":"accent-2","image_behavior":"none","mobile_content_alignment":"left","padding_top":36,"padding_bottom":36}}},"order":["main","52ca93ee-f1b5-4a6a-9a55-618e767af447","9f5869d3-fcd4-4587-9064-c44085a65d3d","bd306e1a-4bfd-4242-a922-f227614c5718","f26a93ad-9df6-4d38-a387-6b1427741a1f","11d3b8d5-92d9-4dab-b3fd-b1863e412cd6","ef775719-3fd2-46f6-a7e8-e425f96bee86","7a52ddab-3d55-4712-986d-03faee3eba4c","283a4c5e-a797-4216-bcdd-9bacbbe09964","52e41ff7-d068-40a7-8e02-5ff53605b7ff"]}