{"sections":{"main":{"type":"main-page","settings":{"padding_top":36,"padding_bottom":36}},"6d4c6b02-c8d3-4e29-b180-0dccbc8e1150":{"type":"collection-list","blocks":{"template--18539182850356__6d4c6b02-c8d3-4e29-b180-0dccbc8e1150-1680389788d10ea58c-0":{"type":"featured_collection","settings":{"collection":"kids"}},"template--18539182850356__6d4c6b02-c8d3-4e29-b180-0dccbc8e1150-1680389788d10ea58c-1":{"type":"featured_collection","settings":{"collection":"primary-school"}},"template--18539182850356__6d4c6b02-c8d3-4e29-b180-0dccbc8e1150-1680389788d10ea58c-2":{"type":"featured_collection","settings":{"collection":"secondary-school"}},"22d05df0-4cfc-42be-9ff6-2f7bce7bba10":{"type":"featured_collection","settings":{"collection":"high-school"}},"d8375af8-f4c9-4eea-9813-6b34e84d5c3a":{"type":"featured_collection","settings":{"collection":"university-🎓"}},"53c5157f-6cae-4241-a980-aad363514f33":{"type":"featured_collection","settings":{"collection":"empower-your-skills"}}},"block_order":["template--18539182850356__6d4c6b02-c8d3-4e29-b180-0dccbc8e1150-1680389788d10ea58c-0","template--18539182850356__6d4c6b02-c8d3-4e29-b180-0dccbc8e1150-1680389788d10ea58c-1","template--18539182850356__6d4c6b02-c8d3-4e29-b180-0dccbc8e1150-1680389788d10ea58c-2","22d05df0-4cfc-42be-9ff6-2f7bce7bba10","d8375af8-f4c9-4eea-9813-6b34e84d5c3a","53c5157f-6cae-4241-a980-aad363514f33"],"settings":{"title":"Collections","heading_size":"h1","image_ratio":"square","columns_desktop":3,"color_scheme":"background-1","show_view_all":false,"columns_mobile":"1","swipe_on_mobile":false,"padding_top":36,"padding_bottom":36}}},"order":["main","6d4c6b02-c8d3-4e29-b180-0dccbc8e1150"]}