{"sections":{"main":{"type":"main-page","settings":{"padding_top":36,"padding_bottom":36}},"cce3e7fd-38f0-40b5-b96f-0cb2b3e09e66":{"type":"slideshow","blocks":{"template--18547879870772__cce3e7fd-38f0-40b5-b96f-0cb2b3e09e66-1680731210e9deff42-0":{"type":"slide","settings":{"image":"shopify:\/\/shop_images\/pexels-pixabay-262786.jpg","heading":"Startup a company in Egypt","heading_size":"h1","subheading":"","button_label":"","link":"","button_style_secondary":false,"box_align":"middle-center","show_text_box":false,"text_alignment":"center","image_overlay_opacity":0,"color_scheme":"background-1","text_alignment_mobile":"center"}},"template--18547879870772__cce3e7fd-38f0-40b5-b96f-0cb2b3e09e66-1680731210e9deff42-1":{"type":"slide","settings":{"image":"shopify:\/\/shop_images\/pexels-nextvoyage-1467300.jpg","heading":"Dubai","heading_size":"h1","subheading":"","button_label":"","link":"","button_style_secondary":false,"box_align":"middle-center","show_text_box":false,"text_alignment":"center","image_overlay_opacity":0,"color_scheme":"background-1","text_alignment_mobile":"center"}},"c1a3d519-2388-4916-99f6-39c4220164d4":{"type":"slide","settings":{"image":"shopify:\/\/shop_images\/pexels-chris-schippers-427679.jpg","heading":"<strong>UK ( London )<\/strong>","heading_size":"h1","subheading":"","button_label":"","link":"","button_style_secondary":false,"box_align":"middle-center","show_text_box":false,"text_alignment":"center","image_overlay_opacity":0,"color_scheme":"accent-1","text_alignment_mobile":"center"}},"d378c871-bc98-4f26-a7d7-a19bd3028633":{"type":"slide","settings":{"image":"shopify:\/\/shop_images\/pexels-natalia-5772932.jpg","heading":"USA","heading_size":"h1","subheading":"","button_label":"","link":"","button_style_secondary":false,"box_align":"middle-center","show_text_box":false,"text_alignment":"center","image_overlay_opacity":0,"color_scheme":"background-1","text_alignment_mobile":"center"}}},"block_order":["template--18547879870772__cce3e7fd-38f0-40b5-b96f-0cb2b3e09e66-1680731210e9deff42-0","template--18547879870772__cce3e7fd-38f0-40b5-b96f-0cb2b3e09e66-1680731210e9deff42-1","c1a3d519-2388-4916-99f6-39c4220164d4","d378c871-bc98-4f26-a7d7-a19bd3028633"],"settings":{"layout":"full_bleed","slide_height":"medium","slider_visual":"counter","auto_rotate":true,"change_slides_speed":3,"image_behavior":"none","show_text_below":false,"accessibility_info":""}},"a143144a-c120-4bb0-be8c-f2bb6a207aaf":{"type":"image-with-text","blocks":{"template--18547879870772__a143144a-c120-4bb0-be8c-f2bb6a207aaf-16804757104d1de513-0":{"type":"heading","settings":{"heading":"Law Firm","heading_size":"h1"}},"template--18547879870772__a143144a-c120-4bb0-be8c-f2bb6a207aaf-16804757104d1de513-1":{"type":"text","settings":{"text":"","text_style":"body"}},"template--18547879870772__a143144a-c120-4bb0-be8c-f2bb6a207aaf-16804757104d1de513-2":{"type":"button","settings":{"button_label":"more","button_link":"shopify:\/\/pages\/law-firm"}}},"block_order":["template--18547879870772__a143144a-c120-4bb0-be8c-f2bb6a207aaf-16804757104d1de513-0","template--18547879870772__a143144a-c120-4bb0-be8c-f2bb6a207aaf-16804757104d1de513-1","template--18547879870772__a143144a-c120-4bb0-be8c-f2bb6a207aaf-16804757104d1de513-2"],"settings":{"image":"shopify:\/\/shop_images\/gavel-on-law-books_3a614f03-991b-4cff-a01b-3cbfedcc8362.jpg","height":"adapt","desktop_image_width":"medium","layout":"image_first","desktop_content_position":"top","desktop_content_alignment":"left","content_layout":"no-overlap","color_scheme":"accent-2","image_behavior":"none","mobile_content_alignment":"left","padding_top":36,"padding_bottom":36}},"5b19cd2f-0c4d-4461-821e-7dcf3877a2ec":{"type":"image-with-text","blocks":{"template--18547879870772__5b19cd2f-0c4d-4461-821e-7dcf3877a2ec-16804757104d1de513-0":{"type":"heading","settings":{"heading":"Accounting","heading_size":"h1"}},"template--18547879870772__5b19cd2f-0c4d-4461-821e-7dcf3877a2ec-16804757104d1de513-1":{"type":"text","settings":{"text":"","text_style":"body"}},"template--18547879870772__5b19cd2f-0c4d-4461-821e-7dcf3877a2ec-16804757104d1de513-2":{"type":"button","settings":{"button_label":"more","button_link":"shopify:\/\/pages\/account"}}},"block_order":["template--18547879870772__5b19cd2f-0c4d-4461-821e-7dcf3877a2ec-16804757104d1de513-0","template--18547879870772__5b19cd2f-0c4d-4461-821e-7dcf3877a2ec-16804757104d1de513-1","template--18547879870772__5b19cd2f-0c4d-4461-821e-7dcf3877a2ec-16804757104d1de513-2"],"settings":{"image":"shopify:\/\/shop_images\/IMG_8228.jpg","height":"adapt","desktop_image_width":"medium","layout":"image_first","desktop_content_position":"top","desktop_content_alignment":"left","content_layout":"no-overlap","color_scheme":"accent-1","image_behavior":"none","mobile_content_alignment":"left","padding_top":36,"padding_bottom":36}},"9ae25929-3786-4e51-b5d5-b795102792ec":{"type":"image-with-text","blocks":{"template--18547879870772__9ae25929-3786-4e51-b5d5-b795102792ec-16804757104d1de513-0":{"type":"heading","settings":{"heading":"Sales","heading_size":"h1"}},"template--18547879870772__9ae25929-3786-4e51-b5d5-b795102792ec-16804757104d1de513-1":{"type":"text","settings":{"text":"","text_style":"body"}},"template--18547879870772__9ae25929-3786-4e51-b5d5-b795102792ec-16804757104d1de513-2":{"type":"button","settings":{"button_label":"","button_link":""}}},"block_order":["template--18547879870772__9ae25929-3786-4e51-b5d5-b795102792ec-16804757104d1de513-0","template--18547879870772__9ae25929-3786-4e51-b5d5-b795102792ec-16804757104d1de513-1","template--18547879870772__9ae25929-3786-4e51-b5d5-b795102792ec-16804757104d1de513-2"],"settings":{"image":"shopify:\/\/shop_images\/IMG_8242.jpg","height":"adapt","desktop_image_width":"medium","layout":"image_first","desktop_content_position":"top","desktop_content_alignment":"left","content_layout":"no-overlap","color_scheme":"background-2","image_behavior":"none","mobile_content_alignment":"left","padding_top":36,"padding_bottom":36}},"208c3319-eec3-4c42-a9fb-0635a7791258":{"type":"image-with-text","blocks":{"template--18547879870772__208c3319-eec3-4c42-a9fb-0635a7791258-16804757104d1de513-0":{"type":"heading","settings":{"heading":"Marketing","heading_size":"h1"}},"template--18547879870772__208c3319-eec3-4c42-a9fb-0635a7791258-16804757104d1de513-1":{"type":"text","settings":{"text":"","text_style":"body"}},"template--18547879870772__208c3319-eec3-4c42-a9fb-0635a7791258-16804757104d1de513-2":{"type":"button","settings":{"button_label":"more","button_link":"shopify:\/\/pages\/marketing"}}},"block_order":["template--18547879870772__208c3319-eec3-4c42-a9fb-0635a7791258-16804757104d1de513-0","template--18547879870772__208c3319-eec3-4c42-a9fb-0635a7791258-16804757104d1de513-1","template--18547879870772__208c3319-eec3-4c42-a9fb-0635a7791258-16804757104d1de513-2"],"settings":{"image":"shopify:\/\/shop_images\/IMG_8235.jpg","height":"adapt","desktop_image_width":"medium","layout":"image_first","desktop_content_position":"top","desktop_content_alignment":"left","content_layout":"no-overlap","color_scheme":"accent-2","image_behavior":"none","mobile_content_alignment":"left","padding_top":36,"padding_bottom":36}},"473c5449-c013-476d-af40-b78677361915":{"type":"image-with-text","blocks":{"template--18547879870772__473c5449-c013-476d-af40-b78677361915-16804757104d1de513-0":{"type":"heading","settings":{"heading":"Web Desing","heading_size":"h1"}},"template--18547879870772__473c5449-c013-476d-af40-b78677361915-16804757104d1de513-1":{"type":"text","settings":{"text":"","text_style":"body"}},"template--18547879870772__473c5449-c013-476d-af40-b78677361915-16804757104d1de513-2":{"type":"button","settings":{"button_label":"","button_link":""}}},"block_order":["template--18547879870772__473c5449-c013-476d-af40-b78677361915-16804757104d1de513-0","template--18547879870772__473c5449-c013-476d-af40-b78677361915-16804757104d1de513-1","template--18547879870772__473c5449-c013-476d-af40-b78677361915-16804757104d1de513-2"],"settings":{"image":"shopify:\/\/shop_images\/IMG_8230.jpg","height":"adapt","desktop_image_width":"medium","layout":"image_first","desktop_content_position":"top","desktop_content_alignment":"left","content_layout":"no-overlap","color_scheme":"accent-1","image_behavior":"none","mobile_content_alignment":"left","padding_top":36,"padding_bottom":36}},"46d8a935-fa5d-478a-bd54-c6c336ffb22b":{"type":"image-with-text","blocks":{"template--18547879870772__46d8a935-fa5d-478a-bd54-c6c336ffb22b-16804757104d1de513-0":{"type":"heading","settings":{"heading":"APP Design","heading_size":"h1"}},"template--18547879870772__46d8a935-fa5d-478a-bd54-c6c336ffb22b-16804757104d1de513-1":{"type":"text","settings":{"text":"","text_style":"body"}},"template--18547879870772__46d8a935-fa5d-478a-bd54-c6c336ffb22b-16804757104d1de513-2":{"type":"button","settings":{"button_label":"","button_link":""}}},"block_order":["template--18547879870772__46d8a935-fa5d-478a-bd54-c6c336ffb22b-16804757104d1de513-0","template--18547879870772__46d8a935-fa5d-478a-bd54-c6c336ffb22b-16804757104d1de513-1","template--18547879870772__46d8a935-fa5d-478a-bd54-c6c336ffb22b-16804757104d1de513-2"],"settings":{"image":"shopify:\/\/shop_images\/IMG_8232.jpg","height":"adapt","desktop_image_width":"medium","layout":"image_first","desktop_content_position":"top","desktop_content_alignment":"left","content_layout":"no-overlap","color_scheme":"background-2","image_behavior":"none","mobile_content_alignment":"left","padding_top":36,"padding_bottom":36}},"fca5aa6c-cb86-40fd-bc99-81aff86964ac":{"type":"image-with-text","blocks":{"template--18547879870772__fca5aa6c-cb86-40fd-bc99-81aff86964ac-16804757104d1de513-0":{"type":"heading","settings":{"heading":"SEO","heading_size":"h1"}},"template--18547879870772__fca5aa6c-cb86-40fd-bc99-81aff86964ac-16804757104d1de513-1":{"type":"text","settings":{"text":"","text_style":"body"}},"template--18547879870772__fca5aa6c-cb86-40fd-bc99-81aff86964ac-16804757104d1de513-2":{"type":"button","settings":{"button_label":"","button_link":""}}},"block_order":["template--18547879870772__fca5aa6c-cb86-40fd-bc99-81aff86964ac-16804757104d1de513-0","template--18547879870772__fca5aa6c-cb86-40fd-bc99-81aff86964ac-16804757104d1de513-1","template--18547879870772__fca5aa6c-cb86-40fd-bc99-81aff86964ac-16804757104d1de513-2"],"settings":{"image":"shopify:\/\/shop_images\/IMG_8243.jpg","height":"adapt","desktop_image_width":"medium","layout":"image_first","desktop_content_position":"top","desktop_content_alignment":"left","content_layout":"no-overlap","color_scheme":"accent-2","image_behavior":"none","mobile_content_alignment":"left","padding_top":36,"padding_bottom":36}},"abe0804d-355a-448c-84eb-09252ff8437f":{"type":"image-with-text","blocks":{"template--18547879870772__abe0804d-355a-448c-84eb-09252ff8437f-16804757104d1de513-0":{"type":"heading","settings":{"heading":"Data Analysis","heading_size":"h1"}},"template--18547879870772__abe0804d-355a-448c-84eb-09252ff8437f-16804757104d1de513-1":{"type":"text","settings":{"text":"","text_style":"body"}},"template--18547879870772__abe0804d-355a-448c-84eb-09252ff8437f-16804757104d1de513-2":{"type":"button","settings":{"button_label":"","button_link":""}}},"block_order":["template--18547879870772__abe0804d-355a-448c-84eb-09252ff8437f-16804757104d1de513-0","template--18547879870772__abe0804d-355a-448c-84eb-09252ff8437f-16804757104d1de513-1","template--18547879870772__abe0804d-355a-448c-84eb-09252ff8437f-16804757104d1de513-2"],"settings":{"image":"shopify:\/\/shop_images\/IMG_8229.jpg","height":"adapt","desktop_image_width":"medium","layout":"image_first","desktop_content_position":"top","desktop_content_alignment":"left","content_layout":"no-overlap","color_scheme":"accent-1","image_behavior":"none","mobile_content_alignment":"left","padding_top":36,"padding_bottom":36}},"be6b032e-3549-4e76-bca5-de3b6f9b1759":{"type":"image-with-text","blocks":{"template--18547879870772__be6b032e-3549-4e76-bca5-de3b6f9b1759-16804757104d1de513-0":{"type":"heading","settings":{"heading":"Social Media","heading_size":"h1"}},"template--18547879870772__be6b032e-3549-4e76-bca5-de3b6f9b1759-16804757104d1de513-1":{"type":"text","settings":{"text":"","text_style":"body"}},"template--18547879870772__be6b032e-3549-4e76-bca5-de3b6f9b1759-16804757104d1de513-2":{"type":"button","settings":{"button_label":"","button_link":""}}},"block_order":["template--18547879870772__be6b032e-3549-4e76-bca5-de3b6f9b1759-16804757104d1de513-0","template--18547879870772__be6b032e-3549-4e76-bca5-de3b6f9b1759-16804757104d1de513-1","template--18547879870772__be6b032e-3549-4e76-bca5-de3b6f9b1759-16804757104d1de513-2"],"settings":{"image":"shopify:\/\/shop_images\/IMG_8231.jpg","height":"adapt","desktop_image_width":"medium","layout":"image_first","desktop_content_position":"top","desktop_content_alignment":"left","content_layout":"no-overlap","color_scheme":"background-2","image_behavior":"none","mobile_content_alignment":"left","padding_top":36,"padding_bottom":36}},"b22f9b20-d69d-4043-a25f-5b1a01ef7330":{"type":"image-with-text","blocks":{"template--18547879870772__b22f9b20-d69d-4043-a25f-5b1a01ef7330-16804757104d1de513-0":{"type":"heading","settings":{"heading":"Google Ads","heading_size":"h1"}},"template--18547879870772__b22f9b20-d69d-4043-a25f-5b1a01ef7330-16804757104d1de513-1":{"type":"text","settings":{"text":"","text_style":"body"}},"template--18547879870772__b22f9b20-d69d-4043-a25f-5b1a01ef7330-16804757104d1de513-2":{"type":"button","settings":{"button_label":"","button_link":""}}},"block_order":["template--18547879870772__b22f9b20-d69d-4043-a25f-5b1a01ef7330-16804757104d1de513-0","template--18547879870772__b22f9b20-d69d-4043-a25f-5b1a01ef7330-16804757104d1de513-1","template--18547879870772__b22f9b20-d69d-4043-a25f-5b1a01ef7330-16804757104d1de513-2"],"settings":{"image":"shopify:\/\/shop_images\/IMG_8241.jpg","height":"adapt","desktop_image_width":"medium","layout":"image_first","desktop_content_position":"top","desktop_content_alignment":"left","content_layout":"no-overlap","color_scheme":"accent-2","image_behavior":"none","mobile_content_alignment":"left","padding_top":36,"padding_bottom":36}}},"order":["main","cce3e7fd-38f0-40b5-b96f-0cb2b3e09e66","a143144a-c120-4bb0-be8c-f2bb6a207aaf","5b19cd2f-0c4d-4461-821e-7dcf3877a2ec","9ae25929-3786-4e51-b5d5-b795102792ec","208c3319-eec3-4c42-a9fb-0635a7791258","473c5449-c013-476d-af40-b78677361915","46d8a935-fa5d-478a-bd54-c6c336ffb22b","fca5aa6c-cb86-40fd-bc99-81aff86964ac","abe0804d-355a-448c-84eb-09252ff8437f","be6b032e-3549-4e76-bca5-de3b6f9b1759","b22f9b20-d69d-4043-a25f-5b1a01ef7330"]}